{"cameraMode":{"drawMode":0,"name":"Shaded","section":"Shading Mode"},"sceneLighting":false,"audioPlay":false,"sceneViewState":{"m_AlwaysRefresh":false,"showFog":true,"showSkybox":true,"showFlares":true,"showImageEffects":true,"showParticleSystems":true,"showVisualEffectGraphs":true,"m_FxEnabled":true},"in2DMode":false,"pivot":{"x":-2.4608983993530275,"y":0.363494873046875,"z":-3.6217284202575685},"rotation":{"x":0.007348492741584778,"y":-0.9923754334449768,"z":0.10038027912378311,"w":0.07249102741479874},"size":4.179101943969727,"orthographic":false}