{"cameraMode":{"drawMode":0,"name":"Shaded","section":"Shading Mode"},"sceneLighting":true,"audioPlay":false,"sceneViewState":{"m_AlwaysRefresh":false,"showFog":true,"showSkybox":true,"showFlares":true,"showImageEffects":true,"showParticleSystems":true,"showVisualEffectGraphs":true,"m_FxEnabled":true},"in2DMode":false,"pivot":{"x":2.75538969039917,"y":-0.42214804887771609,"z":0.028364837169647218},"rotation":{"x":0.5799464583396912,"y":-0.41871583461761477,"z":0.46223917603492739,"w":0.5243985652923584},"size":6.805278301239014,"orthographic":false}