{"cameraMode":{"drawMode":0,"name":"Shaded","section":"Shading Mode"},"sceneLighting":false,"audioPlay":false,"sceneViewState":{"m_AlwaysRefresh":false,"showFog":true,"showSkybox":true,"showFlares":true,"showImageEffects":true,"showParticleSystems":true,"showVisualEffectGraphs":true,"m_FxEnabled":true},"in2DMode":false,"pivot":{"x":0.06363610178232193,"y":0.11006279289722443,"z":0.022421887144446374},"rotation":{"x":0.002491517923772335,"y":0.9695494771003723,"z":-0.24582011997699738,"w":0.008388434536755085},"size":0.6504974365234375,"orthographic":false}