{"cameraMode":{"drawMode":0,"name":"Shaded","section":"Shading Mode"},"sceneLighting":false,"audioPlay":false,"sceneViewState":{"m_AlwaysRefresh":false,"showFog":true,"showSkybox":true,"showFlares":true,"showImageEffects":true,"showParticleSystems":true,"showVisualEffectGraphs":true,"m_FxEnabled":true},"in2DMode":false,"pivot":{"x":0.06363610178232193,"y":0.11006279289722443,"z":0.022421887144446374},"rotation":{"x":0.014449695125222206,"y":0.974267303943634,"z":-0.21713533997535706,"w":0.063081294298172},"size":0.5167285799980164,"orthographic":false}